Surface,Weight,Balltype
Rough,34,Tennis
Rough,44,Tennis
Smooth,98,Leather
Rough,33,Tennis
Smooth,100,Leather
Rough,35,Tennis
Smooth,102,Leather
Rough,36,Tennis
Rough,37,Tennis
Smooth,99,Leather
Rough,40,Tennis
Smooth,111,Leather
Rough,34,Tennis
Smooth,93,Leather
Rough,32,Tennis
Smooth,88,Leather
Rough,35,Tennis
Rough,36,Tennis
Smooth,101,Leather
Smooth,102,Leather
Smooth,103,Leather
Rough,33,Tennis
Rough,34,Tennis
Smooth,105,Leather
Rough,39,Tennis
Smooth,106,Leather
Smooth,107,Leather
Rough,32,Tennis
Smooth,108,Leather
Rough,35,Tennis
Smooth,110,Leather
Smooth,111,Leather
Rough,33,Tennis
Smooth,107,Leather
Rough,30,Tennis
Rough,32,Tennis
Smooth,97,Leather
Smooth,97,Leather
Rough,33,Tennis
Smooth,94,Leather
Smooth,93,Leather
Rough,34,Tennis
Rough,33,Tennis
Smooth,102,Leather
Rough,36,Tennis
Rough,38,Tennis
Smooth,112,Leather
Smooth,107,Leather
Rough,38,Tennis
Smooth,113,Leather